"company","total_revenue"
"Lyft","1.9299191233622394E9"
"Uber","5.971924208209405E9"
