"trip_year","trip_month","total_revenue"
"2024","4","6.40025051649867E8"
"2024","5","7.035015351397465E8"
"2024","6","6.78755021589717E8"
"2024","7","6.15841988679709E8"
"2024","8","6.235379487097435E8"
"2024","9","6.565544565697091E8"
"2024","10","6.78434817929606E8"
"2024","11","6.589691693996894E8"
"2024","12","7.313784971296078E8"
"2025","1","6.170657532598147E8"
"2025","2","5.990901192698213E8"
"2025","3","6.98688972239765E8"
